{
  "project_info": {
    "project_number": "852298344348",
    "project_id": "vendnbuy",
    "storage_bucket": "vendnbuy.appspot.com"
  },
  "client": [
    {
      "client_info": {
        "mobilesdk_app_id": "1:852298344348:android:afbf1107ac2ee823ebca59",
        "android_client_info": {
          "package_name": "com.screenable.vendnbuy"
        }
      },
      "oauth_client": [
        {
          "client_id": "852298344348-0u6dev5c1idj8m0opdvksleigue6p9rf.apps.googleusercontent.com",
          "client_type": 3
        }
      ],
      "api_key": [
        {
          "current_key": "AIzaSyDpvhHcvJgR34A1OSDsqGt4jjn5gimYoyg"
        }
      ],
      "services": {
        "appinvite_service": {
          "other_platform_oauth_client": [
            {
              "client_id": "852298344348-0u6dev5c1idj8m0opdvksleigue6p9rf.apps.googleusercontent.com",
              "client_type": 3
            }
          ]
        }
      }
    }
  ],
  "configuration_version": "1"
}